Fold Number,Train Accuracy,Validation Accuracy
0,0.89225,0.89
1,0.88975,0.891
2,0.88975,0.893
3,0.88875,0.893
4,0.8925,0.888
